name,N,v_max,f_bul,f_gas,log_SBdisk,kappa_outer,kappa_center,kappa_mean,F_median,F_mean,F_inner,F_outer,mean_resid,rms_resid,corr
CamB,9,20.1,0.0,0.20276119777662893,1.0748976703249968,0.7067775463559519,0.45627754230774165,0.5757842488356754,0.3569219889125642,0.38361350957632756,0.4756828035395334,0.34686228941470054,-4.737273689875603,5.006135423669123,0.894248458593896
D512-2,4,37.2,0.0,0.1014072595498989,0.8506462351830665,0.9494365281514984,0.9303266042176127,0.9459694791621784,0.48168482991326034,0.48193651136052096,0.49501265278238865,0.4693637328331747,12.39962507795307,12.862655853709292,nan
D564-8,6,25.0,0.0,0.34956980032231005,0.3471347829100198,0.8525741852630344,0.7476043313752903,0.8085239575199296,0.43980839108415337,0.4418017174580882,0.4811704043432772,0.4064969100489574,5.149867521778184,5.179598431769795,0.9783184539622493
D631-7,16,58.5,0.0,0.5813146610675102,0.6792331602743954,0.9204237884944337,0.4155253685703545,0.6455692483548469,0.31574080769059837,0.34770986705747753,0.4608696604185553,0.29631484009158177,1.2273449524969253,5.564634299753281,0.6251231738438368
DDO064,14,46.9,0.0,0.30004836286551884,1.098404085681175,0.8470372542693241,0.3872891304412564,0.5907269995989688,0.3363336229308709,0.35387840422367134,0.47514213760432555,0.31701882111515745,4.838961145306461,5.282206433842341,0.9590364445606897
DDO154,12,48.2,0.0,0.6502015790063557,0.5187019054648524,0.9088774752681762,0.5185611149764511,0.7017967554557384,0.3481105556960436,0.370986540595099,0.4700161205888014,0.31629639121171815,5.911997253405461,6.718453325373065,0.8282048283522371
DDO161,31,67.5,0.0,0.5996565820667406,0.859045874548512,0.964544251524567,0.26944646012587575,0.6213458704238265,0.3128381953478405,0.3303896027967617,0.397707790179526,0.31367551417569545,-3.3021426422073485,5.92901862188594,0.8979548934598435
DDO168,10,55.0,0.0,0.6382753520685446,0.8320829249507451,0.8491468572227356,0.5755603258230767,0.7049955597941434,0.3791610754847698,0.39205960740650686,0.475244351392133,0.3311234014098679,1.3280452634508038,3.885387931997695,0.8021441713530075
DDO170,8,62.2,0.0,0.5688593529682999,0.37579420920526235,0.8763051775378106,0.6556772338715604,0.7718234803092908,0.39581038122818374,0.4075665328678814,0.47138312377137326,0.3679788335411541,7.875269574556299,9.241137627610007,0.449454977043209
ESO079-G014,15,178.0,0.0,0.03038481573817767,2.091089859396779,0.8530087883125443,0.35133318460246915,0.5660021863973376,0.3251307761201622,0.36002458783131974,0.467292126448777,0.31381271720988724,-4.646135705103895,11.912929367606282,0.9024666607336731
ESO116-G012,15,112.0,0.0,0.13747499593747886,1.7728558621381258,0.9106404678072075,0.41872617874862667,0.6411571075162047,0.33110054359146135,0.36241162031206536,0.4659331205252957,0.31528762886863887,3.991461919530411,6.972465653998947,0.9170150442970766
ESO444-G084,7,63.1,0.0,0.5794499275569132,0.8885538857362553,0.790059666645419,0.5801736972559632,0.6918765858445076,0.4058886609290182,0.42246971930626637,0.477568566299711,0.39361254410049334,17.18851676005873,17.637326839025658,0.9463646864315662
ESO563-G021,30,321.0,0.0,0.02558929704312729,2.437247292808752,0.9775875285135996,0.28472226044757565,0.6603177639998712,0.3418129422809879,0.35560371246941797,0.4253726331656418,0.3421176753408346,-7.14539183207451,24.08575485470993,0.9511030166038447
F561-1,6,50.4,0.0,0.1518487252765154,1.2219790184215833,0.8770988325632757,0.7555123795004536,0.8260811097281886,0.43326585108735927,0.43620758754017847,0.47829703727831974,0.40007337739778603,-1.0077460954240336,7.894172349059356,0.10127799840084463
F563-1,17,112.5,0.0,0.36149451868676485,0.8280150642239769,0.9580248690883509,0.4151827137893115,0.6587189845730872,0.2924595415409471,0.31484888583810405,0.4377511423246014,0.29142554848790003,26.512183908207017,30.336946854149293,0.3274433165178972
F563-V1,6,29.5,0.0,0.29690821051946603,0.7977290652970024,0.8750985826694813,0.7429278069875083,0.8196185869091913,0.42819205553701656,0.4317307018187752,0.4761496563139802,0.39447035638284345,-0.7583059362768388,5.896557178171235,0.21980801993393112
F563-V2,10,118.0,0.0,0.2232998877928726,1.4320388084546212,0.8313955924284389,0.4322966379721227,0.617853872479802,0.3407903710451743,0.3470044974975986,0.46764405633784867,0.25462365401820164,12.618902592924039,20.091694218372254,0.47878743286238606
F565-V2,7,83.1,0.0,0.4482547826363895,0.5743620327718135,0.8274386418521121,0.6640270516563791,0.7522635735251084,0.41385454303445013,0.42109921868901484,0.4772463700914046,0.37815355550326674,18.277044449243974,18.634017713158503,0.866377620929584
F567-2,5,52.2,0.0,0.15853144832996308,0.9339931638312423,0.8987707045509882,0.8457337000975663,0.8804117269726343,0.46344412044012684,0.4634717304043766,0.47636232668568435,0.45062582474858326,13.261813944523661,14.571311761667584,-0.23923450348859093
F568-1,12,142.0,0.0,0.16754389010617998,1.4031634335301735,0.8146833962511084,0.4310840595484966,0.6042607613562572,0.35495551491823285,0.3704767111475564,0.4756744587266457,0.3404634740899859,29.830943738300395,31.382000022840856,0.9293132528719179
F568-3,18,120.0,0.0,0.11606436763723028,1.3920517726020207,0.8433086991212095,0.29455302268814343,0.5212833996895816,0.3195113774832793,0.334868753316413,0.44087436337537483,0.3329637097016507,7.167972057036775,9.164956054921218,0.9572182727065925
F568-V1,15,118.0,0.0,0.13092753807150243,1.341773574350278,0.8508985355384593,0.417666200558891,0.6083698774174677,0.36575451004890447,0.3742113959084285,0.46862761759195143,0.36212340673573995,36.881286268588674,38.428736873950115,0.9754485345902059
F571-8,13,144.0,0.0,0.012609526765680053,2.4217135833486116,0.7738453361543223,0.35795334595009587,0.5349111645721601,0.35036882255346335,0.37161276890745665,0.4791032099169328,0.3678015718311676,0.5608450876741623,31.32758882642135,-0.0630163050629484
F571-V1,7,84.3,0.0,0.3493087646569894,0.8466463285771175,0.8632689364120967,0.6653797673864181,0.7732547638197157,0.40315929934635797,0.4130489270234606,0.4712872265206193,0.37276747696789986,14.841763801594686,15.648826810592444,0.6743570400147297
F574-1,14,99.7,0.0,0.08861637688974486,1.3752715924371377,0.9192626658107605,0.46680398251960353,0.6800867004910431,0.3398008685066969,0.3654978158304795,0.47490275910917656,0.307250185278341,10.291364256540572,13.649050104951865,0.6234611327716182
F574-2,5,40.0,0.0,0.21649855970628087,0.9311526385232933,0.8871859775488726,0.842878018256885,0.8719125295937078,0.4683531899185166,0.4683652713349328,0.4797556106018212,0.4569944947643906,-1.6606668036645416,5.879976628729983,0.9153649735761281
F579-V1,14,114.0,0.0,0.05989994728916185,1.6466067509948425,0.901269116387087,0.4823248196713723,0.6765001699805583,0.3723323483450825,0.3857854834237219,0.4700656095302044,0.37343175219907965,23.758710353152228,24.53463255809398,0.901381925284573
F583-1,25,86.9,0.0,0.18450076806553425,1.0019405420931753,0.8039848647195604,0.20054429992716166,0.46868926232367947,0.2977269552581307,0.31751886528150153,0.419623786886664,0.3020213593134295,11.601573266133853,15.908325768848389,0.7379508095365034
F583-4,12,69.9,0.0,0.061681004675571804,1.344874356946789,0.861555355940437,0.468451576202209,0.6617939030497892,0.29902136847729904,0.33817474828157496,0.4725391672866502,0.2952878260535484,5.025548454425766,7.599660351244315,0.8140233215417566
IC2574,34,67.5,0.0,0.2523243187082584,0.7222996421499358,0.9203545859592266,0.2574318889949445,0.5791050957215376,0.2696051844077423,0.2982018101420499,0.4123599919547692,0.26256739542048985,-1.5680138372415109,4.107002673926008,0.8683212418979857
IC4202,32,250.0,0.9757270538374077,0.027234807385777306,2.1135234705963843,0.9659979707604207,0.38197706053266844,0.7128002233909652,0.34187119578926156,0.35498501394776194,0.43073121840701384,0.32947930330164904,-36.92322857245274,42.70871281909972,0.909981400524829
KK98-251,15,34.6,0.0,0.5832257792586816,0.6536947953150819,0.831312692603922,0.3435147622843733,0.5524591691233667,0.3164125991576824,0.3412975306126703,0.45147246210136344,0.3127263970963629,-1.3499525679482056,1.9889959148937062,0.9717124051940818
NGC0024,29,110.0,0.0,0.0562827822194363,2.1249732461379747,0.8477091774431915,0.266009156978496,0.5072948915884159,0.3275196022862563,0.3385859474835336,0.4360483171811073,0.32612137629373283,15.978739196771915,18.124125089803737,0.9853523767088013
NGC0055,21,87.4,0.0,0.39811987188702974,1.1162589730897563,0.968510584541304,0.43974314573436457,0.7011634632898404,0.3213119736461143,0.3467268621865389,0.4461848786526238,0.3190850324577694,-4.6058035811456595,7.900537021648341,0.7498953453409651
NGC0100,21,91.2,0.0,0.08166684156911787,1.4852142508056947,0.9378558919615739,0.35068060510558563,0.6350641911793773,0.300060613054985,0.3341140179196473,0.45459653486813945,0.27713198315508014,-1.068277084263721,5.318999050161531,0.8909303579532781
NGC0247,26,108.0,0.0,0.17257685369546266,1.2419676982199161,0.9553894637778495,0.406094356606711,0.6769120116412205,0.3102270098137678,0.3410107252764686,0.44268229964021905,0.3038914924846133,3.058513454137846,9.082092124360127,0.6655484826042591
NGC0289,28,194.0,0.0,0.22071131470084285,2.104805659173203,1.0003001446700381,0.48907928260916145,0.7588149572573266,0.38865007001123314,0.3970582175466158,0.45158182311149575,0.3659803308895194,4.04192328799527,23.283957394643107,0.6226911842884687
NGC0300,25,97.0,0.0,0.15819320488797414,1.2134402765538244,0.9725286343552346,0.44233726859049394,0.715787381695245,0.32584811860547724,0.3511663258162423,0.43962476159894254,0.3215424003653369,8.643576172948721,11.009236239295083,0.8096414149770544
NGC0801,13,238.0,0.0,0.044526875560558565,2.8979847330103183,0.9332965411095889,0.4200442157424643,0.6589723514315117,0.3971632762157058,0.39467575854138004,0.4536235583927609,0.3615018860830467,-20.381706594361315,21.843699054693637,0.9787331230704887
NGC0891,18,234.0,0.8148299419499029,0.018941935819309082,2.6149220179795107,1.0214420326339517,0.5775960446175359,0.8175000859212711,0.37074313003719156,0.3859487862379909,0.4505537874786853,0.36153994638376935,-62.624021928753045,66.10537192716428,0.8061705621952908
NGC1003,36,115.0,0.0,0.28045349097626915,1.3439990690571613,0.9565981693670662,0.42200192804097236,0.7110559884790358,0.34889704293799784,0.3570379392214576,0.43442775043359794,0.30981194855744904,8.686645425931003,14.146491583642012,0.2338990709201555
NGC1090,24,176.0,0.0,0.06648200591747623,2.2196676553459023,1.005140200913665,0.4053717248621782,0.7357737304474901,0.34842957351938536,0.3635318814624197,0.4577213345642729,0.35149539893813897,-14.503913369604303,18.924922125162844,0.9056711817670506
NGC1705,14,73.2,0.0,0.20948451394916473,1.8025753407759177,0.9726756357060221,0.5406414024960037,0.766923283895175,0.36906098512704344,0.3871859807231001,0.46751755179837834,0.35368363522599366,17.501146260754673,18.098638290553637,0.8325027095712262
NGC2366,26,53.7,0.0,0.4840796948136745,0.9409943443043473,0.9925314341860745,0.31816191282693757,0.6746430897725222,0.32166484584061045,0.33953013900304857,0.4379335167418228,0.33911860331506605,-0.8219704646884836,5.5309824860494725,0.776893557066496
NGC2403,73,136.0,0.0,0.14957706384222538,2.2399705055116415,0.9448446839968336,0.22852155122430418,0.5897090246818194,0.35492577163956496,0.35793447371644105,0.3908299628300046,0.33535065246799783,-0.0140079413355411,14.244776529678674,0.6949902298308824
NGC2683,11,212.0,0.16153756775248548,0.019462978717646167,2.0887472160536618,1.0458385439107254,0.6364709331732623,0.8616854509882285,0.38042579033447943,0.3956051027213592,0.4505497954808297,0.3813323155062886,6.616952409997518,13.583036740767094,0.9615703025091549
NGC2841,50,323.0,0.6823716148949458,0.08068170552727284,2.228605650355092,0.9255172970641963,0.5224568242363059,0.712993950954143,0.4086571578442355,0.4006818180360527,0.4273596460850083,0.3404858179450811,20.960173835924557,27.687889547488673,0.9131684190328396
NGC2903,34,216.0,0.0,0.025974656073965968,2.8554011178406817,0.9920545086178751,0.37640187535007613,0.7220462462809811,0.3870279577474839,0.38625699234305494,0.43666871759676346,0.3653149570340813,-26.332948888942788,37.9608826812618,0.7164038751950952
NGC2915,30,86.5,0.0,0.2955683989106266,1.4630845739674536,0.9524339683597725,0.3879637732053212,0.7055565505176723,0.34391077334954956,0.3566480481935311,0.4311069880028798,0.32078709575322023,15.767220400942014,20.53199304001304,-0.5299556139342898
NGC2955,24,276.0,0.9020354488653475,0.03229829316028217,2.5521615479079465,1.0045208728283668,0.4736916696164852,0.7126166078590158,0.37819768778692875,0.38729374997747906,0.4590103923667286,0.3742763261358853,-29.238689431543563,36.40663703395832,0.7289298961846107
NGC2976,27,88.7,0.0,0.05579179504567451,2.3582916740682855,0.8732466239278831,0.21162702444642065,0.5147298723792895,0.2794112344494593,0.3058558956897903,0.4255975640833755,0.3047525129525252,-11.581382059518038,12.891330311351556,0.9583217552217779
NGC2998,13,214.0,0.0,0.06193863188842481,2.658510383343011,0.912648221959403,0.42610097999178076,0.6464426600739466,0.4024622751426907,0.4010727595660225,0.4768811189734578,0.3510359197301193,4.9006317566560265,16.629196306390593,0.9119989299526603
NGC3109,25,67.3,0.0,0.5104106460441717,0.5285661329383692,0.9224505094184855,0.2808900953261388,0.5970980817454014,0.2863153612264639,0.31892957079176976,0.4323202162170352,0.28609850500162703,5.844982332894691,7.463853266769062,0.8923752350114794
NGC3198,43,157.0,0.0,0.09375188054555614,2.150608462559858,0.9459851459380704,0.23453561064457115,0.5911285809077728,0.35881773568509245,0.3610980846827653,0.4132233665530495,0.3543291063631375,0.9563282454452545,16.407791334682422,0.8668308845103616
NGC3521,41,220.0,0.0,0.009940788235375884,2.968812397039061,0.8339538960038434,0.44118998620263755,0.6508754678677644,0.3947386254983508,0.3955602784087511,0.433401396567234,0.3532745461100462,-30.674636509803825,32.45321297240862,0.8518078937095835
NGC3726,12,169.0,0.0,0.06817546130317269,1.905059579854848,0.9246100060423516,0.5600362249904113,0.7280419091168137,0.36396899520740283,0.3815668361885554,0.4631941626551725,0.3193771102538311,-18.538134092292434,19.173892335932685,0.951346964211803
NGC3741,21,51.6,0.0,0.6260738997994698,0.798650645445269,0.8930192334841807,0.34328864283366317,0.5854037136775551,0.32907415705364607,0.3547189767541494,0.45755966059725317,0.3087032860538279,6.800808079983827,8.271377774865488,0.7836102541174724
NGC3769,12,126.0,0.0,0.1574162210135481,1.7649064018788558,0.9568454304861506,0.5325093686842797,0.7217964866196089,0.36403025736168215,0.3723172834690016,0.46915154796535213,0.28802438813746567,2.804586805697616,15.379706015127969,0.6051520044416596
NGC3877,13,171.0,0.0,0.01271305683224207,2.3990290552933113,0.9268333983587096,0.5102184591527391,0.7085243163734195,0.34332987547449173,0.3697879577955021,0.46964121528582153,0.3231261010917806,-33.09381437265176,41.993927378277796,0.3719856466763493
NGC3893,10,194.0,0.0,0.06249739650766868,2.252664283491539,0.989737208588434,0.6113580666252456,0.808122678452371,0.37566555281081554,0.39132868262397297,0.45617989688254845,0.35548059484009076,-8.156647811383117,15.212595717023488,0.8997126429053176
NGC3917,17,138.0,0.0,0.04712175945843223,1.7717776348985803,0.961876746676054,0.45140766461625864,0.6941628864591083,0.3273812701616583,0.3570738879759359,0.46231386946471636,0.32164545761688434,-2.472364944647314,11.076148585722802,0.8023941696623212
NGC3949,7,169.0,0.0,0.033307244373762826,2.3967073463412145,0.9057680030394446,0.7153555517850427,0.8202711459165632,0.3948374530352037,0.4077045347776082,0.4598639707532408,0.3789856119442528,-29.27936486794421,30.949669067004418,0.37762107646881926
NGC3953,8,224.0,0.0,0.009061167536977333,2.2810958920569258,0.9457627462806399,0.6962060893961629,0.829643700508203,0.37992407046048793,0.39506433730869595,0.45709486137231303,0.3643110005688489,-25.098840503935037,38.20420720626852,-0.4467001001741297
NGC3972,10,134.0,0.0,0.042928193633031485,1.9350283710745733,0.8479624061855355,0.578986696410296,0.7102443198485917,0.38242839947779267,0.3950716513799971,0.4723961571034645,0.339455969704635,-1.1270881372839294,10.116015345635239,0.7498403922323275
NGC3992,9,272.0,0.0,0.04471920713543388,1.7154810411281862,0.9951258428085092,0.6908362672067301,0.8542960615936798,0.3712849226005207,0.3909763823513943,0.45289890487852524,0.3712849226005207,15.417514216903436,26.692246722085894,0.9342899310953817
NGC4010,12,129.0,0.0,0.06622822266315086,1.9136858402267791,0.8952028454964793,0.507565531921625,0.6873646662583495,0.3462250565192057,0.3692210886883045,0.4710037349158407,0.31160872809718143,-10.274848562139168,14.053544881059654,0.8072610934459984
NGC4013,36,198.0,0.2508470513339269,0.03855388214605255,1.7823292689968369,1.0094608477032576,0.6777812897698771,0.8471907744545247,0.3991686245119977,0.3857629559502513,0.43114432350694887,0.330835637377603,-9.79849440387982,18.609788409942055,0.8644037135014503
NGC4051,7,161.0,0.0,0.017303147398442735,2.2560748635819023,0.9040529179814065,0.6722169363173365,0.7998476413573444,0.3944997120100547,0.4068028162798166,0.4654744541077367,0.3705544644284494,-24.21129916347179,33.42192303518988,-0.5530402628072975
NGC4068,6,41.9,0.0,0.19761201795340758,1.2925145030700842,0.8263248460927396,0.7437421186953379,0.7916529197186835,0.45499260242435763,0.45556180806029484,0.48886134299034234,0.42355956743934486,1.2511442361171783,1.675399904216752,0.9920353502579806
NGC4085,7,136.0,0.0,0.015873268948971668,2.442000190191261,0.8520648173221728,0.6634190646231076,0.7660041095951939,0.40424744696069426,0.41459040967662303,0.473693736817298,0.37367813598240296,-27.084307313213305,28.347267634460877,0.8459413596075548
NGC4088,12,182.0,0.0,0.04822677378948676,2.3200858320409865,0.9413650313495939,0.5645598198912618,0.7548847308275826,0.36594145237819,0.38686963181577316,0.4646454292531882,0.35986081726736685,-48.18043096532378,50.28830357930758,0.8827649444739382
NGC4100,24,195.0,0.0,0.04366846372343189,1.893983567211847,1.0371168557997454,0.5989067871992304,0.8513342094166264,0.3821866689702548,0.38706005124568077,0.43964909226542687,0.3880765276942728,2.6764079247640806,22.056144270703168,0.8280187367748844
NGC4138,7,195.0,0.2633926992675232,0.024302945471260225,1.947204913589633,0.9757396484035762,0.6684617276836148,0.8419499442474522,0.38104174023845583,0.3960115463820994,0.4506399908158416,0.37003839116123816,-1.187684274655086,12.458156438249958,0.9141261337414799
NGC4157,17,201.0,0.2277519352601536,0.06283308088347905,2.1939086130548504,0.9870959844192625,0.5426490960963143,0.7749344801509512,0.3663106456354893,0.3826411849626859,0.4567853911233361,0.3508278198440305,-28.020818006493354,30.22131264481073,0.9101168007784532
NGC4183,23,115.0,0.0,0.19420042203757398,1.414699929729677,0.9701869098872573,0.4625216126051802,0.7253169609509189,0.34456346567205687,0.3700004887040441,0.4561815480977671,0.3425223829964818,4.912526321912623,8.9996714711501,0.7707658886423056
NGC4214,14,80.6,0.0,0.10107686388157,1.8358173542934728,0.9591887937352783,0.5291784266018484,0.7469660632016336,0.36331062576313455,0.38299963743684423,0.4699116295054901,0.34331416282413685,11.910445071982123,12.812076494171853,0.7826804731124765
NGC4217,19,191.0,0.9786213314709147,0.019743608028644243,1.6404134341967942,1.0025974951229122,0.49105545566205566,0.7507749359177293,0.3496214361399744,0.37017527145858076,0.4617448370480388,0.3533060923387401,-70.79045724826359,75.02355493352029,0.6654509286502939
NGC4389,6,110.0,0.0,0.011752931532614997,2.4651001705951443,0.836323364027106,0.7490661301809693,0.7997207340624258,0.44667095637765314,0.44811708902774955,0.4849262064565128,0.4141222128418852,-40.34938635398168,40.93927052225475,0.9860790478908538
NGC4559,32,124.0,0.0,0.15553578396929768,1.7707783961691477,0.9981817225592688,0.4202139146097119,0.741127144559593,0.34319981730742677,0.3618132398368413,0.43868643492940035,0.3433895606720427,-9.053649050114236,14.944365624070024,0.6814201970655894
NGC5005,18,265.0,0.8519303807082249,0.04361947575077788,2.984394779550672,0.9716703259423187,0.5132935872578082,0.7311683388026613,0.37332124807873146,0.3889871878604992,0.4632711089639547,0.35109503615939763,-75.71979828785791,77.15580093869369,0.8026023541527456
NGC5033,22,225.0,0.894086453109769,0.08108091634033553,2.2854672904600575,1.00621436119211,0.511115959582417,0.7898359567762682,0.38561014008379724,0.3981745659553991,0.45054341713135326,0.3772452211494116,-3.533687479504913,33.36967810316013,0.6964072810257558
NGC5055,28,206.0,0.0,0.04671369439455196,2.6919624162431677,1.0026593537956168,0.45204760429145585,0.7297266290038026,0.38947017012535656,0.39879347121235753,0.4548644283208502,0.37291719009435786,-22.07347020509347,33.018879602604954,0.7952368854860015
NGC5371,19,242.0,0.0,0.02511503753908429,2.490057788921877,1.0028497584037432,0.517702106459435,0.7661723313548845,0.37972254892235635,0.39718258020845826,0.46206708730458806,0.3732654279856616,-36.08909778888478,41.88626247238478,0.7284593324000382
NGC5585,24,92.3,0.0,0.13860069023155638,2.1234519292084153,0.9395756873611569,0.24911488141511995,0.5493527730139589,0.3321811800086968,0.35436113750924497,0.4574623389965363,0.3154100270717091,-3.832710781362486,9.459415908984383,0.8615686786224995
NGC5907,19,235.0,0.0,0.08969260211320587,1.7543440878960168,1.0041363034189155,0.6061663266350327,0.8192566857443491,0.38132641388299915,0.3898741080779877,0.4518986409949293,0.35868085424038737,1.5260025370369403,19.241392091195294,0.8926342822819209
NGC5985,33,305.0,0.4690199523841323,0.01961884172290185,2.0549622344364322,0.9434173124907475,0.5322420199633664,0.7555503768138596,0.37565557113685843,0.37944317034882963,0.4306192905177313,0.3523774751659768,42.63187043286278,48.748475184057924,0.2701518624117821
NGC6015,44,166.0,0.0,0.1152343309304451,2.1413556922038897,0.9947749357746433,0.33563897550346034,0.6994276179869889,0.3565765299268233,0.3676682789073035,0.42297353296229173,0.35867748314780745,6.47584305557398,14.734087818533059,0.8442377687125976
NGC6195,23,258.0,0.9519864269461673,0.027777662771396344,2.2979935055330407,0.9525686356277993,0.49625089773497594,0.7064141329604581,0.3830442991290516,0.3919291488448396,0.456799449773463,0.3676314249966962,-55.981914042027135,56.79052269902234,0.8917805591812019
NGC6503,31,121.0,0.0,0.11972512596408431,1.7996998508649846,0.9856342035272123,0.4991822746678223,0.7771186030525934,0.3757499024943558,0.38131917366537177,0.44054444118390274,0.3407623254967724,8.484850996597633,15.179789187797883,0.6678331386299893
NGC6674,15,291.0,0.6614375488826039,0.06846509787349393,1.9082360132809515,0.9902354335853516,0.5537991847653547,0.7969459056278847,0.38382488865753894,0.3946572965201523,0.45174483140267524,0.3668158331186994,26.061799736901175,31.044817237616122,0.9217322036333238
NGC6789,4,60.4,0.0,0.18710307458779782,1.7698202577635922,0.9374167614685228,0.9216939646143997,0.9345937397029084,0.4871244704530648,0.48725469132818,0.4973805935251077,0.4773892308814826,18.083118979344537,18.22574552057132,nan
NGC6946,58,181.0,0.9891515201789998,0.03931867001910041,2.3058172028895867,1.0031343966774078,0.4180758425744108,0.8009762044822853,0.38113997876364236,0.38513762530089246,0.422766926646103,0.3710618001356259,-25.053374822685903,31.94643971273661,0.7597284318063798
NGC7331,36,257.0,0.15613419272743564,0.03912734850559532,2.4090046957336604,0.9801285839717511,0.5524907678631135,0.7799013738731577,0.39794195293146883,0.38872301775782764,0.4349141251978753,0.3372242088589639,-51.74977072866183,56.6690282863301,0.8681446336276147
NGC7793,46,116.0,0.0,0.04639348375594931,2.5041699011311462,0.9798788651547222,0.1758049858505515,0.5529912982283524,0.3208222712320065,0.3368527935140116,0.37849615150779836,0.36061157231035484,-2.3329915675945734,11.61025631084614,0.948938409946669
NGC7814,18,265.0,0.9869504099193024,0.010044693235616513,1.902082917605706,0.9995972443638796,0.554282577131731,0.8046881475672236,0.3916060668413507,0.39631183143632365,0.4540809376706636,0.36320139294509035,-20.055376814058356,34.929417605026714,0.8398104381039501
PGC51017,6,20.5,0.0,0.3162485218416203,1.1064628837961212,0.8991894092373207,0.7277364372909186,0.8273350716075378,0.4230083602187423,0.4277789999766268,0.4762590088803905,0.3889706867304349,-1.0286405656087474,5.36241101292083,-0.2876553016289384
UGC00128,22,134.0,0.0,0.3442691462347933,0.8818463977185592,1.0030726907238423,0.4576941910042388,0.744229638526373,0.3445436972969337,0.3684733849321684,0.4560891979857815,0.3433846242205856,24.818106133220173,27.906144064237505,0.6922028115075312
UGC00191,9,83.85,0.0,0.15257865447633656,1.651992364078557,0.7368186650364776,0.43212794646546926,0.5688540599692777,0.3837343521734736,0.3997386236669509,0.46606229759910356,0.3745822488499353,13.088819885475873,13.91041832944874,0.9788448388868016
UGC00634,4,108.0,0.0,0.44552581785119005,0.6280481732796692,0.9499594635376772,0.9311204194356445,0.9465438145587937,0.48201819875534846,0.48228066536088116,0.49507967252001717,0.4700065914128106,37.66185259469912,38.46099015956507,nan
UGC00731,12,74.0,0.0,0.5964093211874387,0.2946665927081243,0.9033842582878207,0.5307505065982043,0.7090160154385656,0.3564683693285684,0.37619706574330686,0.4691128237993919,0.32328032339558954,12.659589599540702,16.428145477234022,0.31924683205779236
UGC00891,5,63.75,0.0,0.4976537778069218,0.615950051656401,0.8918138406872197,0.8434843246590404,0.8751208358815366,0.4656022191973675,0.46560724565875705,0.4780203381026631,0.45320230817705565,14.991560539365512,15.018454322903624,0.973969577266237
UGC01230,11,113.0,0.0,0.2775143404754255,1.312811826212088,0.877404901482691,0.45215669061132513,0.6391773926278838,0.344650569403945,0.37596089347579104,0.47460230268472897,0.33309002958010725,20.75045502146136,23.29820795078484,0.7406937067859901
UGC01281,25,56.9,0.0,0.3050916575393169,1.002925952084535,0.8701537169136617,0.19603841458876614,0.5074560321058241,0.30469014646875764,0.3172599339712336,0.4280382641037005,0.32129545970638346,4.2634336951491,5.70537471930928,0.9456708329556166
UGC02023,5,58.8,0.0,0.11990428403096506,1.4182681378038011,0.8839740411392543,0.8445637345429912,0.8704252054789035,0.47110377047588464,0.4710953051839457,0.4817298008462805,0.4604471297507883,4.587572882552489,4.8534988964718515,0.9774141761539915
UGC02259,8,90.0,0.0,0.2016566736728672,1.2324515404375367,0.8954130117727954,0.6502094646788652,0.7812293973065764,0.39396639924452437,0.40660739744328345,0.4696018470748876,0.36982139494392124,20.17944654553194,21.71052301222824,0.08009594707766578
UGC02455,8,61.0,0.0,0.06674556147186063,2.0577374029739732,0.7837860217693711,0.637163173424616,0.7121452760436912,0.42221460691387963,0.42584916337874146,0.4845500915600669,0.37506968188739764,-29.305500836355684,29.896006960042918,0.8283016801394472
UGC02487,17,383.0,0.39680380494772616,0.027103114786342836,1.862660502392708,1.004733591428646,0.6081202445417451,0.8136445765431157,0.3793270985936072,0.36595278998880054,0.27763196895694114,0.37459118452368506,41.79431761073814,47.592241504163,0.9527324124975384
UGC02885,19,305.0,0.8923990856015522,0.08450534731277892,2.0936473351323777,0.9821204688622851,0.4994089772710393,0.7589783352435384,0.37251397801557923,0.3825904647872422,0.46497001819207245,0.3399445497693059,-3.1608763456224906,22.342104786814353,0.7475099729736121
UGC02916,43,218.0,0.9914125928547424,0.04466989449818466,1.9048442976089066,0.9469243661587371,0.45476848982446416,0.6841494510067836,0.3917903981871787,0.389856246398298,0.4455452637836053,0.37694373692331223,-27.050627768790065,41.38949516130876,0.44329488102586667
UGC02953,115,319.0,0.9777006494360264,0.011080881539158783,2.938639932916537,0.8679532845045475,0.33217997222845985,0.6096283555345199,0.3854523885909159,0.3869134857941985,0.4520593868018922,0.37025420538262727,-23.776076433245866,48.508021467217425,0.606190838331964
UGC03205,48,237.0,0.977793319733888,0.02877199881732814,2.3143621469963103,0.8596504370636431,0.3700537404783464,0.6537973701753489,0.371841605932708,0.37227874321128746,0.3963774210863717,0.3618212680938246,0.5212151060324927,18.638080716328354,0.730597728646387
UGC03546,30,262.0,0.9566887158023929,0.012793380101092579,2.8218351369044297,0.9225327696967358,0.5284917580282283,0.6977942330801863,0.4146265744906343,0.41441149312936537,0.4602594490798031,0.3746434718773662,-48.793837961053775,67.75249039712074,0.8988701010462673
UGC03580,47,131.0,0.9481778068733147,0.08018539958459271,2.209796992934814,0.8284553332567259,0.28644079905038267,0.5038735113794591,0.3553032163783171,0.36198649232660135,0.46573514706022046,0.3510377929886516,-18.9927120186299,39.49699392792044,-0.5072912030006749
UGC04278,25,92.8,0.0,0.13811067879679376,1.2916707089666013,0.8909498134640974,0.2643317761582076,0.5557513529604701,0.2780581355059707,0.3135932545096842,0.4447182095512696,0.2504419398782009,1.4729926192252254,9.9258923948298,0.5458530617875045
UGC04305,22,37.3,0.0,0.23047807715548424,1.2966871237724018,0.9948476794424395,0.43511996071044867,0.7292536208604076,0.3355195713518507,0.35869480318268165,0.45141319461794327,0.3361400198341355,-8.0726925239589,11.471268384688269,0.3578714243039953
UGC04325,8,92.7,0.0,0.16083056843777227,1.5021368104679955,0.8899813389790442,0.643305094238659,0.7736016328114015,0.39167565417542827,0.40472433357769066,0.4706785024256927,0.36573885614379986,18.53018275411303,21.703078059921893,0.20722891751527403
UGC04483,8,24.3,0.0,0.47776453309077305,1.0116912487390595,0.8298123160798423,0.6156415863156468,0.7264187758591898,0.4050360160998333,0.41435242485405466,0.4818708137970211,0.36565343820402996,1.1861621269879208,1.8305625902112006,0.9217806078599293
UGC04499,9,74.3,0.0,0.2791028065539156,1.1904017400189884,0.8598510302097252,0.6042579037566682,0.7332601213066354,0.38590750470697993,0.399340702284899,0.47598064676691154,0.3493863501269368,4.208121813665574,6.558216130070734,0.6340503793972557
UGC05005,11,100.0,0.0,0.29439720418063203,1.1103539826640023,0.7971457200715218,0.417756425746873,0.5853529676429159,0.3476132104770187,0.3694212015985421,0.47548086832306413,0.3106956230307329,7.931257212978329,9.864582581077448,0.9697590894854577
UGC05253,73,248.0,0.9967287960946803,0.015610507496963381,2.4849505955063833,0.870349881359775,0.3959632220685708,0.6096248103498928,0.4269744201918792,0.4143719149433846,0.45039903761630523,0.38615701928059964,-33.92934369510129,46.037362008941265,0.6475064936455976
UGC05414,6,61.4,0.0,0.20413838348704927,1.378851946448881,0.8589556032035102,0.7599975133843949,0.8174286803027218,0.4430668554591759,0.4450461593478914,0.48249748596228426,0.4116598231175159,6.097192156999104,6.637022436671824,0.9676757977973046
UGC05716,12,74.7,0.0,0.47882690742971845,0.6869935662646786,0.91570140024909,0.5469163284488439,0.7262705830627815,0.3602364021951682,0.3795813744106669,0.4681038306292408,0.32830074755643435,11.28377462088221,13.076102515567058,0.22254824352499702
UGC05721,23,82.6,0.0,0.2779068904919991,1.9247565044013764,0.9641511951087866,0.38610753379727575,0.6616453098069048,0.3572315091377387,0.37567139652069736,0.46062584245245103,0.3542470751398129,14.267482763792849,16.80034134654453,0.6786681095559594
UGC05750,11,78.9,0.0,0.2022860648585641,1.0869290240483647,0.6939888810686783,0.3465489449998233,0.49357504549153836,0.36771085907888695,0.382072949641578,0.47533454338700426,0.36880955866064685,13.648091827552486,16.517549566585902,0.981912259129059
UGC05764,10,55.8,0.0,0.5870017430187825,0.5913985512812487,0.9124044888990449,0.5983427016070869,0.7535225596262415,0.3726557159760977,0.390595945802205,0.46800103084573474,0.3442962915288479,12.575917014040046,14.513119931227763,0.22696390519213028
UGC05829,11,68.6,0.0,0.37363617460853843,0.7578789231916476,0.8119817764142827,0.48157248060254,0.6361654288906202,0.3541864721943954,0.37130082101440104,0.46956370814427334,0.3034071546646934,3.1776091642763276,6.680000193775162,0.8878073913955314
UGC05918,8,44.5,0.0,0.268549812236308,0.7639625099158301,0.8543137039865887,0.6444396026170058,0.7542784341051683,0.4018157170865567,0.41203195309719076,0.4758266648481804,0.369121586793437,9.108649098546397,9.752919236329943,0.6057047560838602
UGC05986,15,116.0,0.0,0.10044091602127765,1.795184589682424,0.9777574484460771,0.49804992421104544,0.7261466386907769,0.33236613063829473,0.36454225878915353,0.46109427466746133,0.3272678015988431,10.779243760684173,13.457513405314392,0.8788170686418753
UGC05999,5,100.0,0.0,0.3804487116854879,0.8329876500120023,0.9048320753389707,0.854963107509582,0.887581168358406,0.45804715992653183,0.45785217361201413,0.47521466157166636,0.440174293939529,23.042841089173457,24.33411284803571,-0.038923598381963506
UGC06399,9,87.6,0.0,0.13853016869939838,1.3321606245924575,0.8424225201140771,0.596802047355173,0.7193529949203169,0.38683389888193237,0.3997107104236354,0.47791327926062466,0.3467267112074078,9.94670099324063,11.199712742126946,0.7797576397767791
UGC06446,17,84.9,0.0,0.36531028326276643,1.024023624941817,0.9790641535968047,0.4955842387805741,0.7278454703558234,0.3422041758782126,0.36962197704321936,0.46193642139729413,0.3352943553295758,13.690380159037858,16.576128828261826,0.2384351866410038
UGC06614,13,205.0,0.9771560567889684,0.0563975089485314,1.6188728795151268,0.8712199326905607,0.5205080465644842,0.672328550021581,0.3573916254506679,0.3509114181776727,0.4455563204489985,0.3792203571039147,-6.861210773528793,45.367237486759755,-0.9538432345850726
UGC06628,7,42.3,0.0,0.13054137587542813,1.3605393194651725,0.8941634853109228,0.7218756927935202,0.8158106548043246,0.41679842191908956,0.4237715078802741,0.4767260951255239,0.3836902006963685,-5.177289799624997,10.680048102802527,-0.5143822640077177
UGC06667,9,85.7,0.0,0.37944950540748734,0.7525605875980134,0.844986101572549,0.598367128281047,0.7212144020942277,0.38661763182649533,0.3995294490485442,0.4780453932580563,0.34629459042652816,21.56029866166754,22.6865121012184,0.6402398382962665
UGC06786,45,229.0,0.9953561697148114,0.02038187948043419,2.2543398549838574,0.9305161831350706,0.37976505346502987,0.6458874745554867,0.36544124863647076,0.3560987330856303,0.39437147898764446,0.3681312730556083,10.751365545018345,34.21617503107934,0.35277361009259306
UGC06787,71,276.0,0.9981472105710084,0.016150501594412545,2.2376988156242232,0.8528839272793178,0.39963876364253326,0.6204800387846492,0.4030908623954578,0.39426256797335857,0.4536026609687099,0.345135196921479,-28.203540762097237,60.365365320209776,0.2382802879099718
UGC06818,8,74.4,0.0,0.1075108813852099,1.284881714655453,0.8106484632386108,0.6386215831577234,0.7257771429157094,0.41176743367514207,0.4180463775767891,0.48286411200026585,0.36599706352126615,1.9460914006399734,4.846072659188644,0.9031237658434592
UGC06917,11,111.0,0.0,0.10893104318209441,1.4083324897908212,0.9009427852655467,0.5884699986035485,0.741332241044962,0.36020880261427424,0.378630651224193,0.46049801769600623,0.3304507631970292,6.09547608170302,9.6137120819455,0.06644915822524633
UGC06923,6,81.1,0.0,0.14856893078495373,1.6175245348862923,0.8789529556453266,0.7686389779982847,0.8326998679661047,0.4305252236877922,0.43256413841414765,0.48026311275266553,0.3890952100730603,2.179266399650049,5.453347848838911,0.3614198892448114
UGC06930,10,109.0,0.0,0.19539573701271049,1.3817691897418196,0.9197822243492991,0.6093181028866808,0.7682583435457989,0.3769199380608809,0.38438363614602744,0.46458707782926456,0.3116965858658187,4.708973672436554,14.961226116365138,-0.08251304976423143
UGC06973,9,180.0,0.141906051186595,0.016711081855654338,2.494262844820126,0.9622309430617112,0.6991887308554317,0.8427028698363858,0.37541097836267345,0.384396450394046,0.4572986755668488,0.3426095727250204,-78.31251207008559,81.98827222938533,0.8579490332461308
UGC06983,17,113.0,0.0,0.24059848924731533,1.2539527708079699,0.9807928434617801,0.5499449622686272,0.7623520437018246,0.34758467508027574,0.37040793852537474,0.45485737462039166,0.3349179305590681,11.929620978089732,17.100841755888997,-0.32549060117086803
UGC07089,12,79.1,0.0,0.14025148212356817,1.3066215772773944,0.8739262713008291,0.5113874095533416,0.6844270669760618,0.3227810006301539,0.3507757899445832,0.4697191786289352,0.2702523252946941,-5.8562518870600195,7.965293582886084,0.7726814912697582
UGC07125,13,65.6,0.0,0.37182984744628417,1.037692040279623,0.9329310719559281,0.5308904874585496,0.7245061092341966,0.3521047971301123,0.37464772877344,0.4689726818619212,0.3271034449331492,-3.11737129617055,8.628357258283607,0.156006866174431
UGC07151,11,76.2,0.0,0.12588852647756135,1.6243758655611547,0.8833373014203185,0.5390951785376187,0.7069158191537738,0.3608650737008643,0.3800470005717846,0.46696506803095317,0.3274985489666721,0.4854698102636089,5.68337582533887,0.6560185214406822
UGC07232,4,44.0,0.0,0.11757135769323915,1.768138412231145,0.9469105949896365,0.9315204647475696,0.9441514310271087,0.484962197312192,0.48499453987977875,0.4958484351761701,0.47420532971856083,7.628702860378946,7.6996949972802335,nan
UGC07261,7,76.1,0.0,0.13159322230955622,1.5378694451378954,0.8867804315248364,0.6720280769830397,0.7904944586312505,0.40002045610737147,0.41131221068483864,0.46758434542686433,0.3755077795545063,11.166478401178745,12.362043490898612,0.522640530359846
UGC07323,10,85.6,0.0,0.06870560700234418,1.707169759394251,0.8062397089697051,0.5615561719524509,0.6775416089243006,0.3862928130649159,0.3960929366301278,0.47652068245617896,0.33287989206955043,-3.5814410155759617,6.729156325807834,0.8787203624408056
UGC07399,10,106.0,0.0,0.231215285368164,1.3507905474264568,0.8758742788430521,0.5925410130208401,0.7351269894171455,0.3824286070357411,0.3963087157062084,0.4682902908702462,0.34876164650589486,22.05780086698501,22.66558782340498,0.5385205293284511
UGC07524,31,83.8,0.0,0.23092006028325898,1.1024908760206413,0.9754017626318059,0.3202017936262701,0.6642266215138234,0.30849458839183325,0.33332767438547856,0.43089347121912014,0.312128073302867,4.149531087979546,10.659005689128847,0.5660951819927812
UGC07559,7,32.1,0.0,0.2771321738024616,1.035963105745482,0.8291851748082297,0.6644365834268205,0.7532438663252771,0.41320379743507996,0.42052176164764354,0.4773230080323335,0.37658958897311834,1.2159570165859026,1.9714159271837968,0.901320423750134
UGC07577,9,17.8,0.0,0.20738430891775114,0.8952843896896177,0.7558307874753956,0.5616045508086772,0.6554603318391317,0.3994384998714636,0.4041987974979278,0.4836703551496392,0.3342954001764583,-2.6022358254276767,3.2806616255349783,0.9950586881290159
UGC07603,12,64.0,0.0,0.2166735169720052,1.332218043154706,0.8992631358873118,0.521361502593784,0.7018584360826621,0.35200641197482463,0.3746788011813315,0.4695192903891524,0.3243350387099282,6.623155971367924,7.206630407236107,0.9407583446520802
UGC07608,8,69.3,0.0,0.4194952739508675,0.7255032688593155,0.818744139842233,0.6369279993448821,0.7303678763383373,0.4094852085050188,0.41660343827913443,0.4804415257605814,0.3678457072931053,13.539853688338068,13.929072189624518,0.8361985713618508
UGC07690,7,60.7,0.0,0.1722165071009892,1.6160902370939976,0.9172943486741492,0.7238081522685786,0.8295776077084239,0.410193564347193,0.4186646695837611,0.47376224242684173,0.37901234347649393,5.978288905071423,8.343891889930875,0.6718992726479973
UGC07866,7,33.1,0.0,0.23196553034240644,1.0353153598636597,0.8397940574347829,0.6706513376544847,0.7628894033953031,0.41377196949021244,0.4207166073816942,0.47562683989018156,0.37854518641443147,2.4561380305555844,3.270291724594863,0.8691316250815894
UGC08286,17,84.3,0.0,0.21374461697270036,1.206730660374238,0.9602261019320111,0.48092466079285123,0.7127617616815427,0.3380838380378955,0.3651225892583231,0.46198080913409445,0.3254042144639845,12.234577078379075,13.845840483599778,0.6318744790288596
UGC08490,30,80.1,0.0,0.3292142723975686,1.3999960587983225,0.9897426737174841,0.4664997823946456,0.7638882350296968,0.35806600508144515,0.3739968053760201,0.4386140017767497,0.3500455188821821,13.75813654397414,15.721152170801115,0.7908662701944096
UGC08550,11,57.8,0.0,0.30061294630432983,1.0464561424125918,0.9049755491986098,0.5597474977289888,0.7310687902112444,0.36552038769069484,0.3835472048356893,0.46536641114011856,0.33474277405668956,9.05645261823223,9.908097130741098,0.3139490797819573
UGC08699,41,202.0,0.9728551450284327,0.029015096096509988,2.3651732904803144,0.8783095815446501,0.4432554362184887,0.6694190125864197,0.38599202379011455,0.3888113502255609,0.448813957663618,0.37536065303524996,-10.24982802794209,32.60139103040149,0.46790691826950237
UGC08837,8,48.0,0.0,0.22155699720420818,1.0996806411092501,0.7841197195810907,0.628620545903183,0.7063194116132184,0.4167287160291564,0.420538200942542,0.48539581237667917,0.36372809249281746,-0.8225832658405359,2.5567460742834935,0.9664504762029381
UGC09037,22,160.0,0.0,0.1391744880410957,1.755604636300587,0.9896652500518496,0.4851627152234923,0.7434330134487255,0.34037440810595926,0.36022650296320446,0.44774328678214653,0.3408601993893725,-29.31256760407099,31.592610309504163,0.8867549236393489
UGC09133,68,289.0,0.9802025582405487,0.050787365949164165,2.4712938757912135,0.9139186738939931,0.42769863418904097,0.6845843185878312,0.4159275703465364,0.4111618694943803,0.44968781979496303,0.37571570903708457,-10.299536012927394,39.96606612147015,0.8415788321884189
UGC09992,5,34.3,0.0,0.2607563814192193,1.0416295084751377,0.9079466615332537,0.8506932868315125,0.8880981973249856,0.4611355675605714,0.46116245315852045,0.474855691296282,0.44751273320441565,4.968222068552842,6.928234700102429,-0.6471574661130024
UGC10310,7,73.2,0.0,0.21104534569189706,1.247645990926648,0.8744835529728128,0.66655269706554,0.7804802333063854,0.4008753426449607,0.4116372201902706,0.4692714613208193,0.3734999887656697,11.146115230544993,13.863963163051702,0.31244311474224623
UGC11455,36,291.0,0.0,0.013214485875854198,2.6104505684756054,0.9637437746532233,0.2683016349395225,0.6247194093756134,0.3526756804702481,0.35115075832890413,0.4173542358364875,0.35987594869344125,-35.52810155109694,37.66906736943776,0.9746810859332247
UGC11557,12,85.0,0.0,0.04161037926085173,1.9937924850556559,0.8020371706219243,0.40193643437191573,0.5774776512779877,0.350501805990077,0.3752930905250816,0.47607204492708205,0.34871202901834936,-19.126500948918927,19.560930126161814,0.9763957025980634
UGC11820,10,84.45,0.0,0.3248882588396116,1.5125065160254885,0.7380657647916895,0.4788813876053385,0.5999773848918732,0.41915768017161453,0.420149925034732,0.4698124923308027,0.3788922193912875,9.284579561829183,10.243342253923995,0.9371553382751321
UGC11914,65,305.0,0.9618349666280634,0.0018211490827368252,2.9343372118256434,0.8201201353658786,0.3976384311126713,0.6748925415857329,0.38009831145858997,0.37143221914501784,0.4058150562033782,0.3140208781598347,-46.188683999939805,46.59823069605728,0.9729115201284793
UGC12506,31,255.0,0.0,0.13080933488541502,1.8422323732866062,1.0115076006656953,0.4519441180279623,0.7809044573198298,0.36799690369803867,0.37866444144866723,0.4398674215086458,0.36727057620873743,28.68264262078224,42.918082930158825,0.5287108504824944
UGC12632,15,73.2,0.0,0.2849912842701523,0.9052560487484513,0.9304309871435096,0.4833396560663869,0.6937342637999513,0.33867401963815874,0.3646663757048859,0.461866856669977,0.31521419535411094,7.567629461680992,10.70958697976503,0.4526551400939804
UGC12732,16,98.0,0.0,0.3501937700429961,0.8656566126675849,0.9051250642597057,0.4659122155567912,0.6715412233516163,0.34175517764375607,0.3640184840899744,0.46344610072747616,0.3102312347248897,9.155635307496603,11.422775920473425,0.5477810326134248
UGCA281,7,29.5,0.0,0.19101223738656856,1.5651053770751968,0.8343552935006764,0.6895818668166801,0.7679341106488264,0.4305174245461318,0.4360022718445172,0.4846839260457415,0.39766747745164743,3.1832334962148394,3.5883370452571497,0.9584431784122902
UGCA442,8,57.8,0.0,0.6828316833431127,0.49613858322443544,0.8423677451712334,0.6157239810716852,0.7328122005673339,0.40149299269161703,0.4118487624628103,0.4809399313663103,0.36413609730916174,8.944385191113707,9.028254690305017,0.9810966686092265
UGCA444,36,38.3,0.0,0.8054336272295108,0.007848146497119872,0.91931618161746,0.26627673799863083,0.6031706608646243,0.2948228301247181,0.3148572772550049,0.4143651683923975,0.27830605895214516,-0.018271703357714435,1.741596918070827,0.9318445441055421
