i,name,fold,alpha,logSB,resid_new,resid_base,rms_new,rms_base
9,ESO079-G014,0,600.0,2.091089859396779,-0.851000058436454,-0.46110355244057744,12.262098665120991,12.169082704481749
12,ESO563-G021,0,600.0,2.437247292808752,-7.055981144893449,-0.31510547317840676,25.581732631814106,25.24082127904698
15,F563-V1,0,600.0,0.7977290652970024,-1.0922402194871512,-1.0867668307444185,5.974801422116607,5.971451379117801
16,F563-V2,0,600.0,1.4320388084546212,14.252527335368788,14.435111946566188,21.710996278536935,21.79370513466784
18,F567-2,0,600.0,0.9339931638312423,12.133040767960583,12.165925866214913,13.625308393243145,13.648361689488766
19,F568-1,0,600.0,1.4031634335301735,31.79937202892016,32.14693914505667,33.472035379234704,33.838053003800084
24,F574-1,0,600.0,1.3752715924371377,11.928300505170919,12.068346024233024,15.111805302717462,15.209496320521815
29,IC2574,0,600.0,0.7222996421499358,0.40313860905990095,0.4121574835479793,4.303957838147751,4.304089374241898
30,IC4202,0,600.0,2.1135234705963843,-16.872393774474283,-13.315003194619049,28.585376070611375,26.375836135192632
31,KK98-251,0,600.0,0.6536947953150819,-0.6222563227105902,-0.620515456885103,1.684547280893823,1.6830520752552431
41,NGC1090,0,600.0,2.2196676553459023,-12.887263050164808,-11.278198857387268,18.377706771928896,17.345857695544062
42,NGC1705,0,600.0,1.8025753407759177,17.656823718225475,17.862291230537974,18.286147284844063,18.48871348874834
45,NGC2683,0,600.0,2.0887472160536618,6.320152848804464,10.340289790827004,13.585904545485883,16.02163312009377
51,NGC2998,0,600.0,2.658510383343011,2.8575310090015784,7.626002618669333,18.33602049901287,17.634722458552016
55,NGC3726,0,600.0,1.905059579854848,-16.339469078760246,-15.354950341451989,16.940259700853396,16.02473334910349
56,NGC3741,0,600.0,0.798650645445269,7.631175170798523,7.641535074912872,9.096062090663349,9.106942811799493
60,NGC3917,0,600.0,1.7717776348985803,0.2401986694496987,0.6238397527493493,11.305195638765438,11.186362352977065
65,NGC4010,0,600.0,1.9136858402267791,-7.823526337399033,-7.611354797538234,12.485489849053572,12.308353822703614
66,NGC4013,0,600.0,1.7823292689968369,-3.0245313973805446,-1.3766759978038359,16.046936652360692,16.10651111011399
78,NGC4559,0,600.0,1.7707783961691477,-7.333908487466409,-6.819726078062879,14.334179888289214,14.12905751766831
101,UGC01230,0,600.0,1.312811826212088,22.17715097910112,22.596391559871734,24.96731196081632,25.300289576699218
109,UGC02953,0,600.0,2.938639932916537,-12.5577199550833,3.8631102547502287,23.69083864668907,25.504912210575352
112,UGC03580,0,600.0,2.209796992934814,-6.151271462239171,-5.687528602634317,28.765327608787846,28.967428693979304
113,UGC04278,0,600.0,1.2916707089666013,3.7122004949513925,3.7332896839196277,11.372254604914366,11.380640620137532
117,UGC04499,0,600.0,1.1904017400189884,4.5834452428767225,4.643192576861951,6.915275903661838,6.938038985092521
126,UGC05918,0,600.0,0.7639625099158301,9.097208947754817,9.108983010773725,9.76656546557115,9.775658815453184
127,UGC05986,0,600.0,1.795184589682424,12.3278218211882,12.59741086261449,15.08172868723162,15.293769188192375
128,UGC05999,0,600.0,0.8329876500120023,20.56340552820384,20.742801523506785,22.07175270690024,22.213885060636787
138,UGC06923,0,600.0,1.6175245348862923,1.6052858222969832,1.6948777306809035,5.342034923727619,5.342147344512681
139,UGC06930,0,600.0,1.3817691897418196,5.450017248162675,5.728343703996614,15.190640455144422,15.22584167321262
141,UGC06983,0,600.0,1.2539527708079699,12.947896223170257,13.243262584925612,18.15873689201868,18.334086287049065
145,UGC07232,0,600.0,1.768138412231145,6.563931658053471,6.572733079038517,6.709068458001642,6.716858990946354
155,UGC07866,0,600.0,1.0353153598636597,2.4817630390141576,2.4856175053458407,3.341792509166202,3.343266482606951
156,UGC08286,0,600.0,1.206730660374238,13.354331121030233,13.466998546526831,14.988867798537756,15.07773049917402
167,UGC11820,0,600.0,1.5125065160254885,9.414015436492496,9.498488322986901,10.481949219457267,10.54999260045634
2,D564-8,1,550.0,0.3471347829100198,4.845546117896126,4.847258033494688,4.874021106775779,4.87572161747676
4,DDO064,1,550.0,1.098404085681175,5.6054290937247835,5.613498316469152,6.130386401286618,6.13754344864544
6,DDO161,1,550.0,0.859045874548512,-2.0754032581677038,-2.052850611129498,5.708276371457245,5.704863095671738
11,ESO444-G084,1,550.0,0.8885538857362553,16.746616562355594,16.78975715911922,17.115513651020297,17.163265820804604
22,F571-8,1,550.0,2.4217135833486116,3.1483417694248104,3.4612223336126817,31.042941129625184,31.291039044417094
26,F579-V1,1,550.0,1.6466067509948425,24.59450085187693,25.037262112818954,25.453744948268994,25.83516755756426
27,F583-1,1,550.0,1.0019405420931753,13.34958367786833,13.384994404354472,17.720927508775535,17.75311717626448
32,NGC0024,1,550.0,2.1249732461379747,18.496524867472147,18.723251725113318,20.63430921783279,20.869629512829782
36,NGC0289,1,550.0,2.104805659173203,2.153519026493351,5.417384954314677,21.69244984649196,23.012340944939425
38,NGC0801,1,550.0,2.8979847330103183,-22.3633297966299,-16.058694844131082,24.287473841748284,18.245062377981707
67,NGC4051,1,550.0,2.2560748635819023,-23.568222995804017,-22.729628881403,32.960563582749245,32.21004129187697
68,NGC4068,1,550.0,1.2925145030700842,0.9938892991654648,0.9980790463192994,1.6745384263622318,1.6747842867599194
69,NGC4085,1,550.0,2.442000190191261,-25.913445197788835,-25.61300470613354,27.297584561265115,26.968074603319497
75,NGC4214,1,550.0,1.8358173542934728,12.585838813597967,12.766784953273678,13.470538643702223,13.648226869900778
76,NGC4217,1,550.0,1.6404134341967942,-28.76812474545501,-27.21712024962726,32.894548269202474,31.789196014678666
82,NGC5371,1,550.0,2.490057788921877,-38.78541025136529,-32.73774916777937,45.30059065319565,39.30937209509454
85,NGC5985,1,550.0,2.0549622344364322,44.192150196564235,51.05173882490053,52.704490266245074,57.68223046788631
90,NGC6789,1,550.0,1.7698202577635922,16.566986105625713,16.58920947256893,16.64145916259295,16.664727096792266
93,NGC7793,1,550.0,2.5041699011311462,-0.09760803525995669,0.10460110512609033,11.849091325810432,11.936171414665385
96,UGC00128,1,550.0,0.8818463977185592,25.431132704941206,26.06305145260247,28.778114686866882,29.32322169616013
97,UGC00191,1,550.0,1.651992364078557,13.80915541297834,13.899355941826188,14.551951654624496,14.650829247169977
98,UGC00634,1,550.0,0.6280481732796692,32.897669205282554,33.14636156007524,33.94701740328895,34.16602828990602
104,UGC02259,1,550.0,1.2324515404375367,20.002435131646283,20.141587876351593,21.60040060667458,21.708709344228495
108,UGC02916,1,550.0,1.9048442976089066,10.238386281158704,17.01678085517972,25.66861429320647,29.512956177496832
115,UGC04325,1,550.0,1.5021368104679955,18.428950100312154,18.573047916169713,21.662690361682817,21.75528701312463
118,UGC05005,1,550.0,1.1103539826640023,9.73508634652931,9.838191291107966,11.585141782639733,11.707364861055492
135,UGC06787,1,550.0,2.2376988156242232,5.0459659307426925,14.255523329515995,31.05272054491973,36.57729674658593
143,UGC07125,1,550.0,1.037692040279623,-2.327891440401751,-2.283222035796805,8.590096227048356,8.565777452053142
144,UGC07151,1,550.0,1.6243758655611547,1.6210068876725405,1.6726666007463369,5.891552522004493,5.885026692963659
148,UGC07399,1,550.0,1.3507905474264568,22.443040414351103,22.604977388850287,23.080874241150035,23.231465305020457
152,UGC07603,1,550.0,1.332218043154706,7.470939440861383,7.501604641056676,8.063769902135862,8.093204945768457
159,UGC08699,1,550.0,2.3651732904803144,8.860934493880396,13.308065713080927,17.469145026945586,20.96494464818876
161,UGC09037,1,550.0,1.755604636300587,-26.52309043610159,-25.90910603266963,29.320297202808014,28.798057710377545
164,UGC10310,1,550.0,1.247645990926648,11.005818538948608,11.070308644339766,13.856601066791681,13.891064337837784
168,UGC11914,1,550.0,2.9343372118256434,-15.035602536982989,-6.5222946916669,22.546093579623186,15.674834341635089
0,CamB,2,600.0,1.0748976703249968,-4.324714929929583,-4.3244491981671676,4.584422663537264,4.584187267824493
10,ESO116-G012,2,600.0,1.7728558621381258,6.0718823166393845,6.247048322049488,8.750740271410614,8.87963740174852
23,F571-V1,2,600.0,0.8466463285771175,14.486559543228395,14.585429080695748,15.392779463889706,15.473196498866919
25,F574-2,2,600.0,0.9311526385232933,-2.124491766674811,-2.117384524919909,6.273471423084869,6.267325987495899
28,F583-4,2,600.0,1.344874356946789,6.536743270141819,6.57755142670845,8.812120802049373,8.844059883447715
33,NGC0055,2,600.0,1.1162589730897563,-3.0275468373498553,-2.948225427596619,7.552077364832314,7.510111170786653
39,NGC0891,2,600.0,2.6149220179795107,-53.16757322735515,-46.82402794828151,56.238900230695165,50.58742775427477
40,NGC1003,2,600.0,1.3439990690571613,10.35952569797096,10.657388675068225,15.248188738021799,15.517119501133717
44,NGC2403,2,600.0,2.2399705055116415,2.1875378170581907,2.7255888475305476,13.871871085442237,14.212862930478007
47,NGC2903,2,600.0,2.8554011178406817,-26.987744777598387,-22.828718262407378,36.18061307237664,34.39107771405978
61,NGC3949,2,600.0,2.3967073463412145,-28.53829868945812,-27.796791490663736,30.317521022646115,29.52894647714004
64,NGC3992,2,600.0,1.7154810411281862,11.70067851620581,16.503669055059515,25.589486289623185,27.17390899841428
73,NGC4157,2,600.0,2.1939086130548504,-26.430358615821635,-23.653637914375757,28.66099639975337,26.22790735712687
79,NGC5005,2,600.0,2.984394779550672,-57.36429694898218,-50.04398769093592,61.32882823919406,53.857057472648044
81,NGC5055,2,600.0,2.6919624162431677,-24.600133646687507,-19.169166087352774,32.366656465280634,29.951550785061475
84,NGC5907,2,600.0,1.7543440878960168,-1.2613605099985312,3.383987115334557,20.20496707553216,19.809001721969572
86,NGC6015,2,600.0,2.1413556922038897,7.5032963702733815,9.093169580243178,15.110352909543321,16.199682154237525
94,NGC7814,2,600.0,1.902082917605706,6.419128500666393,16.602230915591313,18.831230875738594,25.35717578910177
95,PGC51017,2,600.0,1.1064628837961212,-1.2974026646119878,-1.2913402468586042,5.289569567001264,5.2862957661960825
100,UGC00891,2,600.0,0.615950051656401,13.414779672315024,13.454147445946862,13.462853669961905,13.500575694017131
119,UGC05253,2,600.0,2.4849505955063833,-0.6359175531143192,11.791749789844168,13.374656291688606,19.87835828440188
120,UGC05414,2,600.0,1.378851946448881,5.529361647302336,5.556515746896364,6.264312139410106,6.281277920596083
122,UGC05721,2,600.0,1.9247565044013764,15.099701761123146,15.2542333583536,17.60198496022811,17.75064702930442
123,UGC05750,2,600.0,1.0869290240483647,14.721502094451301,14.833602232256828,17.564200003470365,17.699373720551684
124,UGC05764,2,600.0,0.5913985512812487,12.559083367968027,12.589950595927522,14.524254737018,14.546333158635052
125,UGC05829,2,600.0,0.7578789231916476,4.299760438213935,4.315531743610865,7.169424781012497,7.171008646108698
132,UGC06628,2,600.0,1.3605393194651725,-5.216949884467173,-5.194468322298864,10.665076173119285,10.646670879392827
133,UGC06667,2,600.0,0.7525605875980134,21.692099301138708,21.767768254757748,22.841501071761204,22.90436913568884
136,UGC06818,2,600.0,1.284881714655453,2.3739302727261022,2.4030489534692068,4.989659091437438,5.012303129717588
142,UGC07089,2,600.0,1.3066215772773944,-3.927299468170368,-3.8919012491277085,6.524337423366146,6.49315889579159
147,UGC07323,2,600.0,1.707169759394251,-2.3437059728250134,-2.3036719771248446,6.0985012091527935,6.063768909597959
163,UGC09992,2,600.0,1.0416295084751377,4.036625085658547,4.049185659892969,6.319698068083798,6.32400567865175
166,UGC11557,2,600.0,1.9937924850556559,-16.958702070291437,-16.904267688414407,17.431565958148536,17.374156179946976
170,UGC12632,2,600.0,0.9052560487484513,8.642751581909236,8.695882645259346,11.649703274765354,11.678815029340477
171,UGC12732,2,600.0,0.8656566126675849,10.668586261452825,10.763894324222916,12.7990081252043,12.862702947867342
3,D631-7,3,500.0,0.6792331602743954,2.3021587129955234,2.3123203389222153,6.164120751052731,6.172375985180564
5,DDO154,3,500.0,0.5187019054648524,6.370211701679952,6.379666312036321,7.190697577180758,7.199083377114393
7,DDO168,3,500.0,0.8320829249507451,1.5747781104259693,1.5859502953250104,4.050194602924943,4.054441683306973
8,DDO170,3,500.0,0.37579420920526235,7.7044486781255115,7.730708953946382,9.16133084661761,9.17730804982083
13,F561-1,3,500.0,1.2219790184215833,-1.4073465282015207,-1.3879162367361473,8.038582752034383,8.02686542977803
17,F565-V2,3,500.0,0.5743620327718135,17.964993206022392,18.002815054338313,18.345890455677498,18.381540629972186
34,NGC0100,3,500.0,1.4852142508056947,1.3316265861128826,1.3724512832275533,5.886613099247097,5.90488582565839
35,NGC0247,3,500.0,1.2419676982199161,5.450609086919623,5.535177863101486,10.5939304107847,10.619011202595317
43,NGC2366,3,500.0,0.9409943443043473,0.05415135200030107,0.06591808265909407,5.951477930664493,5.950513527577363
46,NGC2841,3,500.0,2.228605650355092,32.65922530369373,40.504077435621085,36.14492712247803,43.30214465335741
49,NGC2955,3,500.0,2.5521615479079465,-6.153824385224596,2.2282707640486334,21.6333866578024,20.109192940903938
53,NGC3198,3,500.0,2.150608462559858,3.3705342707702344,4.064999709043675,16.217445387039394,16.65911135334372
59,NGC3893,3,500.0,2.252664283491539,-8.40754269201288,-6.46358627498872,15.448647996975211,14.59541459453002
62,NGC3953,3,500.0,2.2810958920569258,-24.50054190939983,-22.89745343346095,37.91630529471222,36.506087381525475
70,NGC4088,3,500.0,2.3200858320409865,-45.95483926066128,-44.82584950223184,48.05660305339611,46.897922555511826
72,NGC4138,3,500.0,1.947204913589633,5.144326825906741,6.723038936514622,11.827665282243068,12.682683401192234
77,NGC4389,3,500.0,2.4651001705951443,-39.58909822864083,-39.51852056783349,40.23787706453607,40.16101108888749
80,NGC5033,3,500.0,2.2854672904600575,4.096306986142584,10.771972588404285,22.655550128000524,26.037825782251165
83,NGC5585,3,500.0,2.1234519292084153,-2.066871287650835,-2.0129485353704912,9.195561673429086,9.209340764733577
89,NGC6674,3,500.0,1.9082360132809515,24.048741939491748,32.97320189731313,29.869690483433427,37.160809899551445
91,NGC6946,3,500.0,2.3058172028895867,-19.941612996993246,-17.342227756589228,25.9711799848434,24.256797900037867
105,UGC02455,3,500.0,2.0577374029739732,-28.199238853024333,-28.192533345715162,28.768331406140927,28.761670560808412
110,UGC03205,3,500.0,2.3143621469963103,13.104226550044107,17.29946400238657,18.739906733053235,22.168445530697742
111,UGC03546,3,500.0,2.8218351369044297,-18.04281261254653,-13.500007539818442,27.04305554426553,25.567960334846745
114,UGC04305,3,500.0,1.2966871237724018,-7.4255498924843595,-7.419078329038463,11.148166168360882,11.142277790689235
131,UGC06614,3,500.0,1.6188728795151268,20.986000708166756,23.288653174946273,37.57609589359353,39.72665581806864
137,UGC06917,3,500.0,1.4083324897908212,7.56226281759122,7.676181687059312,10.715775152915715,10.771668454567079
140,UGC06973,3,500.0,2.494262844820126,-68.12038431867438,-67.34052758980417,71.5660975315497,70.88705648036962
150,UGC07559,3,500.0,1.035963105745482,1.2304857069270116,1.2327411245938162,2.0562975906493177,2.056820867246971
153,UGC07608,3,500.0,0.7255032688593155,13.505063969518789,13.523917581495951,13.919661890991254,13.93701905995313
154,UGC07690,3,500.0,1.6160902370939976,5.535511498931629,5.59050586998017,8.00869808983413,8.03550130429443
157,UGC08490,3,500.0,1.3999960587983225,14.231823554389813,14.371451220180548,16.25491637292846,16.380607768546405
158,UGC08550,3,500.0,1.0464561424125918,9.543893784247706,9.569245865555775,10.407113389514125,10.42877486254756
162,UGC09133,3,500.0,2.4712938757912135,5.410957101902538,20.51213918195695,17.171395389648804,28.175743025824158
173,UGCA442,3,500.0,0.49613858322443544,8.74065481669062,8.761398434288845,8.840064202006346,8.859555637838753
1,D512-2,4,570.0,0.8506462351830665,10.989575879221434,10.999988598820252,11.539726365260522,11.548454741749413
14,F563-1,4,570.0,0.8280150642239769,28.190418531456196,28.425653104422373,32.07005927391313,32.27134701393213
20,F568-3,4,570.0,1.3920517726020207,9.488928771555058,9.58064389550392,11.506546392386563,11.589759083793187
21,F568-V1,4,570.0,1.341773574350278,37.76001084063096,38.15697833211998,39.3307445026509,39.75616146884555
37,NGC0300,4,570.0,1.2134402765538244,10.311581826973807,10.42868744700302,12.692091556199687,12.787666463720806
48,NGC2915,4,570.0,1.4630845739674536,16.9112486827827,17.022796502430275,21.47877956044516,21.58263949817555
50,NGC2976,4,570.0,2.3582916740682855,-8.940795186074277,-8.921820730725127,10.662202714991448,10.639685070739105
52,NGC3109,4,570.0,0.5285661329383692,7.358054863330501,7.3708348419258565,9.02109421654657,9.03361029759665
54,NGC3521,4,570.0,2.968812397039061,-29.780980340294605,-25.77840206785828,31.14905055696771,27.71554196071885
57,NGC3769,4,570.0,1.7649064018788558,4.7003271453596795,5.363233425525219,16.03878327408296,16.384910042490024
58,NGC3877,4,570.0,2.3990290552933113,-29.627424659731023,-28.90470361651057,39.294137888989695,38.57393126049677
63,NGC3972,4,570.0,1.9350283710745733,0.40826710669698546,0.6546543991355102,10.020266941020251,9.917258046789637
71,NGC4100,4,570.0,1.893983567211847,1.9500080576554735,4.143853433813645,22.609863313728216,22.77302246581693
74,NGC4183,4,570.0,1.414699929729677,6.182596200419743,6.52676153863504,10.196432776424622,10.34113208508823
87,NGC6195,4,570.0,2.2979935055330407,-25.618109878041547,-18.823306521813006,30.722395255412497,24.149375380542985
88,NGC6503,4,570.0,1.7996998508649846,8.977792996427896,9.773522787446954,15.193830738012496,15.801237815503212
92,NGC7331,4,570.0,2.4090046957336604,-49.35628473849072,-43.748589144523336,52.93759923174063,48.38107685777363
99,UGC00731,4,570.0,0.2946665927081243,13.247196289606977,13.301633480235035,16.941411904699713,16.970628875575404
102,UGC01281,4,570.0,1.002925952084535,5.509518758555785,5.5174660600596805,6.876756407688274,6.884023640282825
103,UGC02023,4,570.0,1.4182681378038011,3.907551886177917,3.921927871224517,4.239383721910352,4.2518125710975925
106,UGC02487,4,570.0,1.862660502392708,46.59589908036419,61.2012090401396,56.74739952988721,68.04164808307371
107,UGC02885,4,570.0,2.0936473351323777,-1.5324016495918233,12.990049337169104,24.577524478436732,26.904313758425964
116,UGC04483,4,570.0,1.0116912487390595,1.178461563497314,1.1801696077070492,1.8781158167358791,1.878486339192525
121,UGC05716,4,570.0,0.6869935662646786,11.85814797126987,11.926242582467177,13.65615233472748,13.705892795938917
129,UGC06399,4,570.0,1.3321606245924575,10.522494743941945,10.593499311197046,11.761365119439532,11.812822950654212
130,UGC06446,4,570.0,1.024023624941817,14.471700828314777,14.59196793796858,17.466079550300744,17.552297418598645
134,UGC06786,4,570.0,2.2543398549838574,26.516140263885028,33.35766615425435,33.662392939460894,40.33964067879381
146,UGC07261,4,570.0,1.5378694451378954,11.127690032005242,11.216094539482185,12.37622532222808,12.44009151245367
149,UGC07524,4,570.0,1.1024908760206413,5.846990379395735,5.896796560180859,11.970734112041887,11.990488694765496
151,UGC07577,4,570.0,0.8952843896896177,-2.3364817059605527,-2.336314665755671,3.026555729867517,3.0263583605245734
160,UGC08837,4,570.0,1.0996806411092501,-0.5693882435678974,-0.5645393340220474,2.5843325635539354,2.580062580221259
165,UGC11455,4,570.0,2.6104505684756054,-32.316324596850244,-28.002058803133224,35.40709081405646,31.402199910559876
169,UGC12506,4,570.0,1.8422323732866062,24.291019588459697,30.80503173412908,41.37456847324801,45.13449598019618
172,UGCA281,4,570.0,1.5651053770751968,3.0214933320776702,3.0250229255528502,3.495608715436154,3.4976594242666703
174,UGCA444,4,570.0,0.007848146497119872,0.826098686166359,0.8284417662835963,1.964104907547628,1.964627789811609
